<?xml version="1.0" encoding="UTF-8"?>
<configurationDescriptor version="89">
  <logicalFolder name="root" displayName="root" projectFiles="true" kind="ROOT">
    <logicalFolder name="HeaderFiles"
                   displayName="Header Files"
                   projectFiles="true">
    </logicalFolder>
    <logicalFolder name="ResourceFiles"
                   displayName="Resource Files"
                   projectFiles="true">
    </logicalFolder>
    <logicalFolder name="SourceFiles"
                   displayName="Source Files"
                   projectFiles="true">
    </logicalFolder>
    <logicalFolder name="TestFiles"
                   displayName="Test Files"
                   projectFiles="false"
                   kind="TEST_LOGICAL_FOLDER">
    </logicalFolder>
    <logicalFolder name="ExternalFiles"
                   displayName="Important Files"
                   projectFiles="false"
                   kind="IMPORTANT_FILES_FOLDER">
      <itemPath>Makefile</itemPath>
    </logicalFolder>
    <itemPath>CApp.cpp</itemPath>
    <itemPath>CApp.h</itemPath>
    <itemPath>CAquarium.cpp</itemPath>
    <itemPath>CAquarium.h</itemPath>
    <itemPath>CFishAngel.cpp</itemPath>
    <itemPath>CFishAngel.h</itemPath>
    <itemPath>CFishBeta.cpp</itemPath>
    <itemPath>CFishBeta.h</itemPath>
    <itemPath>CFishBubbles.cpp</itemPath>
    <itemPath>CFishBubbles.h</itemPath>
    <itemPath>CFrame.cpp</itemPath>
    <itemPath>CFrame.h</itemPath>
    <itemPath>CItem.cpp</itemPath>
    <itemPath>CItem.h</itemPath>
  </logicalFolder>
  <projectmakefile>Makefile</projectmakefile>
  <confs>
    <conf name="Debug" type="1">
      <toolsSet>
        <remote-sources-mode>LOCAL_SOURCES</remote-sources-mode>
        <compilerSet>default</compilerSet>
        <dependencyChecking>true</dependencyChecking>
        <rebuildPropChanged>false</rebuildPropChanged>
      </toolsSet>
      <compileType>
        <ccTool>
          <commandLine>`wx-config --cppflags`</commandLine>
        </ccTool>
        <linkerTool>
          <commandLine>`wx-config --libs`</commandLine>
        </linkerTool>
      </compileType>
      <item path="CApp.cpp" ex="false" tool="1" flavor2="0">
      </item>
      <item path="CApp.h" ex="false" tool="3" flavor2="0">
      </item>
      <item path="CAquarium.cpp" ex="false" tool="1" flavor2="0">
      </item>
      <item path="CAquarium.h" ex="false" tool="3" flavor2="0">
      </item>
      <item path="CFishAngel.cpp" ex="false" tool="1" flavor2="0">
      </item>
      <item path="CFishAngel.h" ex="false" tool="3" flavor2="0">
      </item>
      <item path="CFishBeta.cpp" ex="false" tool="1" flavor2="0">
      </item>
      <item path="CFishBeta.h" ex="false" tool="3" flavor2="0">
      </item>
      <item path="CFishBubbles.cpp" ex="false" tool="1" flavor2="0">
      </item>
      <item path="CFishBubbles.h" ex="false" tool="3" flavor2="0">
      </item>
      <item path="CFrame.cpp" ex="false" tool="1" flavor2="0">
      </item>
      <item path="CFrame.h" ex="false" tool="3" flavor2="0">
      </item>
      <item path="CItem.cpp" ex="false" tool="1" flavor2="0">
      </item>
      <item path="CItem.h" ex="false" tool="3" flavor2="0">
      </item>
    </conf>
    <conf name="Release" type="1">
      <toolsSet>
        <remote-sources-mode>LOCAL_SOURCES</remote-sources-mode>
        <compilerSet>default</compilerSet>
        <dependencyChecking>true</dependencyChecking>
        <rebuildPropChanged>false</rebuildPropChanged>
      </toolsSet>
      <compileType>
        <cTool>
          <developmentMode>5</developmentMode>
        </cTool>
        <ccTool>
          <developmentMode>5</developmentMode>
        </ccTool>
        <fortranCompilerTool>
          <developmentMode>5</developmentMode>
        </fortranCompilerTool>
        <asmTool>
          <developmentMode>5</developmentMode>
        </asmTool>
      </compileType>
      <item path="CApp.cpp" ex="false" tool="1" flavor2="0">
      </item>
      <item path="CApp.h" ex="false" tool="3" flavor2="0">
      </item>
      <item path="CAquarium.cpp" ex="false" tool="1" flavor2="0">
      </item>
      <item path="CAquarium.h" ex="false" tool="3" flavor2="0">
      </item>
      <item path="CFishAngel.cpp" ex="false" tool="1" flavor2="0">
      </item>
      <item path="CFishAngel.h" ex="false" tool="3" flavor2="0">
      </item>
      <item path="CFishBeta.cpp" ex="false" tool="1" flavor2="0">
      </item>
      <item path="CFishBeta.h" ex="false" tool="3" flavor2="0">
      </item>
      <item path="CFishBubbles.cpp" ex="false" tool="1" flavor2="0">
      </item>
      <item path="CFishBubbles.h" ex="false" tool="3" flavor2="0">
      </item>
      <item path="CFrame.cpp" ex="false" tool="1" flavor2="0">
      </item>
      <item path="CFrame.h" ex="false" tool="3" flavor2="0">
      </item>
      <item path="CItem.cpp" ex="false" tool="1" flavor2="0">
      </item>
      <item path="CItem.h" ex="false" tool="3" flavor2="0">
      </item>
    </conf>
  </confs>
</configurationDescriptor>
