<?xml version="1.0" encoding="UTF-8"?>
<configurationDescriptor version="89">
  <logicalFolder name="root" displayName="root" projectFiles="true" kind="ROOT">
    <logicalFolder name="HeaderFiles"
                   displayName="Header Files"
                   projectFiles="true">
    </logicalFolder>
    <logicalFolder name="ResourceFiles"
                   displayName="Resource Files"
                   projectFiles="true">
    </logicalFolder>
    <logicalFolder name="SourceFiles"
                   displayName="Source Files"
                   projectFiles="true">
      <itemPath>main.cpp</itemPath>
    </logicalFolder>
    <logicalFolder name="TestFiles"
                   displayName="Test Files"
                   projectFiles="false"
                   kind="TEST_LOGICAL_FOLDER">
      <logicalFolder name="f1" displayName="Test1" projectFiles="true" kind="TEST">
        <itemPath>tests/test1.cpp</itemPath>
      </logicalFolder>
    </logicalFolder>
    <logicalFolder name="ExternalFiles"
                   displayName="Important Files"
                   projectFiles="false"
                   kind="IMPORTANT_FILES_FOLDER">
      <itemPath>Makefile</itemPath>
    </logicalFolder>
    <itemPath>CActor.cpp</itemPath>
    <itemPath>CActor.h</itemPath>
    <itemPath>CActorFactory.cpp</itemPath>
    <itemPath>CActorFactory.h</itemPath>
    <itemPath>CAnimChannel.cpp</itemPath>
    <itemPath>CAnimChannel.h</itemPath>
    <itemPath>CAnimChannelAngle.cpp</itemPath>
    <itemPath>CAnimChannelAngle.h</itemPath>
    <itemPath>CAnimChannelPoint.cpp</itemPath>
    <itemPath>CAnimChannelPoint.h</itemPath>
    <itemPath>CAnimChannelText.cpp</itemPath>
    <itemPath>CAnimChannelText.h</itemPath>
    <itemPath>CApp.cpp</itemPath>
    <itemPath>CApp.h</itemPath>
    <itemPath>CDocument.cpp</itemPath>
    <itemPath>CDocument.h</itemPath>
    <itemPath>CDocumentFactory.cpp</itemPath>
    <itemPath>CDocumentFactory.h</itemPath>
    <itemPath>CDocumentObserver.cpp</itemPath>
    <itemPath>CDocumentObserver.h</itemPath>
    <itemPath>CDrawable.cpp</itemPath>
    <itemPath>CDrawable.h</itemPath>
    <itemPath>CFrame.cpp</itemPath>
    <itemPath>CFrame.h</itemPath>
    <itemPath>CHaroldFactory.cpp</itemPath>
    <itemPath>CHaroldFactory.h</itemPath>
    <itemPath>CHeadTop.cpp</itemPath>
    <itemPath>CHeadTop.h</itemPath>
    <itemPath>CImageDrawable.cpp</itemPath>
    <itemPath>CImageDrawable.h</itemPath>
    <itemPath>CIterator.h</itemPath>
    <itemPath>CPolyDrawable.cpp</itemPath>
    <itemPath>CPolyDrawable.h</itemPath>
    <itemPath>CRotatedBitmap.cpp</itemPath>
    <itemPath>CRotatedBitmap.h</itemPath>
    <itemPath>CSpartyFactory.cpp</itemPath>
    <itemPath>CSpartyFactory.h</itemPath>
    <itemPath>CTextBubble.cpp</itemPath>
    <itemPath>CTextBubble.h</itemPath>
    <itemPath>CTextBubbleDlg.cpp</itemPath>
    <itemPath>CTextBubbleDlg.h</itemPath>
    <itemPath>CTextBubbleDrawable.cpp</itemPath>
    <itemPath>CTextBubbleDrawable.h</itemPath>
    <itemPath>CTimeline.cpp</itemPath>
    <itemPath>CTimeline.h</itemPath>
    <itemPath>CTimelineDlg.cpp</itemPath>
    <itemPath>CTimelineDlg.h</itemPath>
    <itemPath>CViewActors.cpp</itemPath>
    <itemPath>CViewActors.h</itemPath>
    <itemPath>CViewEdit.cpp</itemPath>
    <itemPath>CViewEdit.h</itemPath>
    <itemPath>CViewTimeline.cpp</itemPath>
    <itemPath>CViewTimeline.h</itemPath>
  </logicalFolder>
  <projectmakefile>Makefile</projectmakefile>
  <confs>
    <conf name="Debug" type="1">
      <toolsSet>
        <remote-sources-mode>LOCAL_SOURCES</remote-sources-mode>
        <compilerSet>default</compilerSet>
        <dependencyChecking>true</dependencyChecking>
        <rebuildPropChanged>false</rebuildPropChanged>
      </toolsSet>
      <compileType>
        <ccTool>
          <commandLine>`wx-config --cppflags`</commandLine>
        </ccTool>
        <linkerTool>
          <commandLine>`wx-config --libs`</commandLine>
        </linkerTool>
      </compileType>
      <item path="CActor.cpp" ex="false" tool="1" flavor2="0">
      </item>
      <item path="CActor.h" ex="false" tool="3" flavor2="0">
      </item>
      <item path="CActorFactory.cpp" ex="false" tool="1" flavor2="0">
      </item>
      <item path="CActorFactory.h" ex="false" tool="3" flavor2="0">
      </item>
      <item path="CAnimChannel.cpp" ex="false" tool="1" flavor2="0">
      </item>
      <item path="CAnimChannel.h" ex="false" tool="3" flavor2="0">
      </item>
      <item path="CAnimChannelAngle.cpp" ex="false" tool="1" flavor2="0">
      </item>
      <item path="CAnimChannelAngle.h" ex="false" tool="3" flavor2="0">
      </item>
      <item path="CAnimChannelPoint.cpp" ex="false" tool="1" flavor2="0">
      </item>
      <item path="CAnimChannelPoint.h" ex="false" tool="3" flavor2="0">
      </item>
      <item path="CAnimChannelText.cpp" ex="false" tool="1" flavor2="0">
      </item>
      <item path="CAnimChannelText.h" ex="false" tool="3" flavor2="0">
      </item>
      <item path="CApp.cpp" ex="false" tool="1" flavor2="0">
      </item>
      <item path="CApp.h" ex="false" tool="3" flavor2="0">
      </item>
      <item path="CDocument.cpp" ex="false" tool="1" flavor2="0">
      </item>
      <item path="CDocument.h" ex="false" tool="3" flavor2="0">
      </item>
      <item path="CDocumentFactory.cpp" ex="false" tool="1" flavor2="0">
      </item>
      <item path="CDocumentFactory.h" ex="false" tool="3" flavor2="0">
      </item>
      <item path="CDocumentObserver.cpp" ex="false" tool="1" flavor2="0">
      </item>
      <item path="CDocumentObserver.h" ex="false" tool="3" flavor2="0">
      </item>
      <item path="CDrawable.cpp" ex="false" tool="1" flavor2="0">
      </item>
      <item path="CDrawable.h" ex="false" tool="3" flavor2="0">
      </item>
      <item path="CFrame.cpp" ex="false" tool="1" flavor2="0">
      </item>
      <item path="CFrame.h" ex="false" tool="3" flavor2="0">
      </item>
      <item path="CHaroldFactory.cpp" ex="false" tool="1" flavor2="0">
      </item>
      <item path="CHaroldFactory.h" ex="false" tool="3" flavor2="0">
      </item>
      <item path="CHeadTop.cpp" ex="false" tool="1" flavor2="0">
      </item>
      <item path="CHeadTop.h" ex="false" tool="3" flavor2="0">
      </item>
      <item path="CImageDrawable.cpp" ex="false" tool="1" flavor2="0">
      </item>
      <item path="CImageDrawable.h" ex="false" tool="3" flavor2="0">
      </item>
      <item path="CIterator.h" ex="false" tool="3" flavor2="0">
      </item>
      <item path="CPolyDrawable.cpp" ex="false" tool="1" flavor2="0">
      </item>
      <item path="CPolyDrawable.h" ex="false" tool="3" flavor2="0">
      </item>
      <item path="CRotatedBitmap.cpp" ex="false" tool="1" flavor2="0">
      </item>
      <item path="CRotatedBitmap.h" ex="false" tool="3" flavor2="0">
      </item>
      <item path="CSpartyFactory.cpp" ex="false" tool="1" flavor2="0">
      </item>
      <item path="CSpartyFactory.h" ex="false" tool="3" flavor2="0">
      </item>
      <item path="CTextBubble.cpp" ex="false" tool="1" flavor2="0">
      </item>
      <item path="CTextBubble.h" ex="false" tool="3" flavor2="0">
      </item>
      <item path="CTextBubbleDlg.cpp" ex="false" tool="1" flavor2="0">
      </item>
      <item path="CTextBubbleDlg.h" ex="false" tool="3" flavor2="0">
      </item>
      <item path="CTextBubbleDrawable.cpp" ex="false" tool="1" flavor2="0">
      </item>
      <item path="CTextBubbleDrawable.h" ex="false" tool="3" flavor2="0">
      </item>
      <item path="CTimeline.cpp" ex="false" tool="1" flavor2="0">
      </item>
      <item path="CTimeline.h" ex="false" tool="3" flavor2="0">
      </item>
      <item path="CTimelineDlg.cpp" ex="false" tool="1" flavor2="0">
      </item>
      <item path="CTimelineDlg.h" ex="false" tool="3" flavor2="0">
      </item>
      <item path="CViewActors.cpp" ex="false" tool="1" flavor2="0">
      </item>
      <item path="CViewActors.h" ex="false" tool="3" flavor2="0">
      </item>
      <item path="CViewEdit.cpp" ex="false" tool="1" flavor2="0">
      </item>
      <item path="CViewEdit.h" ex="false" tool="3" flavor2="0">
      </item>
      <item path="CViewTimeline.cpp" ex="false" tool="1" flavor2="0">
      </item>
      <item path="CViewTimeline.h" ex="false" tool="3" flavor2="0">
      </item>
      <folder path="TestFiles">
        <linkerTool>
          <linkerLibItems>
            <linkerOptionItem>`wx-config --libs`</linkerOptionItem>
            <linkerOptionItem>-laxtk</linkerOptionItem>
          </linkerLibItems>
        </linkerTool>
      </folder>
      <folder path="TestFiles/f1">
        <cTool>
          <incDir>
            <pElem>.</pElem>
          </incDir>
        </cTool>
        <ccTool>
          <incDir>
            <pElem>.</pElem>
          </incDir>
        </ccTool>
        <linkerTool>
          <output>${TESTDIR}/TestFiles/f1</output>
        </linkerTool>
      </folder>
      <item path="main.cpp" ex="false" tool="1" flavor2="0">
      </item>
      <item path="tests/test1.cpp" ex="false" tool="1" flavor2="0">
      </item>
    </conf>
    <conf name="Release" type="1">
      <toolsSet>
        <remote-sources-mode>LOCAL_SOURCES</remote-sources-mode>
        <compilerSet>default</compilerSet>
        <dependencyChecking>true</dependencyChecking>
        <rebuildPropChanged>false</rebuildPropChanged>
      </toolsSet>
      <compileType>
        <cTool>
          <developmentMode>5</developmentMode>
        </cTool>
        <ccTool>
          <developmentMode>5</developmentMode>
        </ccTool>
        <fortranCompilerTool>
          <developmentMode>5</developmentMode>
        </fortranCompilerTool>
        <asmTool>
          <developmentMode>5</developmentMode>
        </asmTool>
      </compileType>
      <item path="CActor.cpp" ex="false" tool="1" flavor2="0">
      </item>
      <item path="CActor.h" ex="false" tool="3" flavor2="0">
      </item>
      <item path="CActorFactory.cpp" ex="false" tool="1" flavor2="0">
      </item>
      <item path="CActorFactory.h" ex="false" tool="3" flavor2="0">
      </item>
      <item path="CAnimChannel.cpp" ex="false" tool="1" flavor2="0">
      </item>
      <item path="CAnimChannel.h" ex="false" tool="3" flavor2="0">
      </item>
      <item path="CAnimChannelAngle.cpp" ex="false" tool="1" flavor2="0">
      </item>
      <item path="CAnimChannelAngle.h" ex="false" tool="3" flavor2="0">
      </item>
      <item path="CAnimChannelPoint.cpp" ex="false" tool="1" flavor2="0">
      </item>
      <item path="CAnimChannelPoint.h" ex="false" tool="3" flavor2="0">
      </item>
      <item path="CAnimChannelText.cpp" ex="false" tool="1" flavor2="0">
      </item>
      <item path="CAnimChannelText.h" ex="false" tool="3" flavor2="0">
      </item>
      <item path="CApp.cpp" ex="false" tool="1" flavor2="0">
      </item>
      <item path="CApp.h" ex="false" tool="3" flavor2="0">
      </item>
      <item path="CDocument.cpp" ex="false" tool="1" flavor2="0">
      </item>
      <item path="CDocument.h" ex="false" tool="3" flavor2="0">
      </item>
      <item path="CDocumentFactory.cpp" ex="false" tool="1" flavor2="0">
      </item>
      <item path="CDocumentFactory.h" ex="false" tool="3" flavor2="0">
      </item>
      <item path="CDocumentObserver.cpp" ex="false" tool="1" flavor2="0">
      </item>
      <item path="CDocumentObserver.h" ex="false" tool="3" flavor2="0">
      </item>
      <item path="CDrawable.cpp" ex="false" tool="1" flavor2="0">
      </item>
      <item path="CDrawable.h" ex="false" tool="3" flavor2="0">
      </item>
      <item path="CFrame.cpp" ex="false" tool="1" flavor2="0">
      </item>
      <item path="CFrame.h" ex="false" tool="3" flavor2="0">
      </item>
      <item path="CHaroldFactory.cpp" ex="false" tool="1" flavor2="0">
      </item>
      <item path="CHaroldFactory.h" ex="false" tool="3" flavor2="0">
      </item>
      <item path="CHeadTop.cpp" ex="false" tool="1" flavor2="0">
      </item>
      <item path="CHeadTop.h" ex="false" tool="3" flavor2="0">
      </item>
      <item path="CImageDrawable.cpp" ex="false" tool="1" flavor2="0">
      </item>
      <item path="CImageDrawable.h" ex="false" tool="3" flavor2="0">
      </item>
      <item path="CIterator.h" ex="false" tool="3" flavor2="0">
      </item>
      <item path="CPolyDrawable.cpp" ex="false" tool="1" flavor2="0">
      </item>
      <item path="CPolyDrawable.h" ex="false" tool="3" flavor2="0">
      </item>
      <item path="CRotatedBitmap.cpp" ex="false" tool="1" flavor2="0">
      </item>
      <item path="CRotatedBitmap.h" ex="false" tool="3" flavor2="0">
      </item>
      <item path="CSpartyFactory.cpp" ex="false" tool="1" flavor2="0">
      </item>
      <item path="CSpartyFactory.h" ex="false" tool="3" flavor2="0">
      </item>
      <item path="CTextBubble.cpp" ex="false" tool="1" flavor2="0">
      </item>
      <item path="CTextBubble.h" ex="false" tool="3" flavor2="0">
      </item>
      <item path="CTextBubbleDlg.cpp" ex="false" tool="1" flavor2="0">
      </item>
      <item path="CTextBubbleDlg.h" ex="false" tool="3" flavor2="0">
      </item>
      <item path="CTextBubbleDrawable.cpp" ex="false" tool="1" flavor2="0">
      </item>
      <item path="CTextBubbleDrawable.h" ex="false" tool="3" flavor2="0">
      </item>
      <item path="CTimeline.cpp" ex="false" tool="1" flavor2="0">
      </item>
      <item path="CTimeline.h" ex="false" tool="3" flavor2="0">
      </item>
      <item path="CTimelineDlg.cpp" ex="false" tool="1" flavor2="0">
      </item>
      <item path="CTimelineDlg.h" ex="false" tool="3" flavor2="0">
      </item>
      <item path="CViewActors.cpp" ex="false" tool="1" flavor2="0">
      </item>
      <item path="CViewActors.h" ex="false" tool="3" flavor2="0">
      </item>
      <item path="CViewEdit.cpp" ex="false" tool="1" flavor2="0">
      </item>
      <item path="CViewEdit.h" ex="false" tool="3" flavor2="0">
      </item>
      <item path="CViewTimeline.cpp" ex="false" tool="1" flavor2="0">
      </item>
      <item path="CViewTimeline.h" ex="false" tool="3" flavor2="0">
      </item>
      <folder path="TestFiles/f1">
        <cTool>
          <incDir>
            <pElem>.</pElem>
          </incDir>
        </cTool>
        <ccTool>
          <incDir>
            <pElem>.</pElem>
          </incDir>
        </ccTool>
        <linkerTool>
          <output>${TESTDIR}/TestFiles/f1</output>
        </linkerTool>
      </folder>
      <item path="main.cpp" ex="false" tool="1" flavor2="0">
      </item>
      <item path="tests/test1.cpp" ex="false" tool="1" flavor2="0">
      </item>
    </conf>
  </confs>
</configurationDescriptor>
